1,Alice Johnson
2,Bob Smith
3,Carol Williams
4,David Brown
5,Emma Davis
6,Frank Miller
7,Grace Wilson
8,Henry Moore
9,Iris Taylor
10,Jack Anderson
11,Karen Thomas
12,Liam Jackson
13,Mia White
14,Noah Harris
15,Olivia Martin
16,Peter Thompson
17,Quinn Garcia
18,Rachel Martinez
19,Samuel Robinson
20,Tina Clark
21,Uma Rodriguez
22,Victor Lewis
23,Wendy Lee
24,Xavier Walker
25,Yara Hall
26,Zachary Allen
27,Abigail Young
28,Benjamin Hernandez
29,Charlotte King
30,Daniel Wright
31,Elizabeth Lopez
32,Frederick Hill
33,Georgia Scott
34,Harrison Green
35,Isabella Adams
36,James Baker
37,Katherine Nelson
38,Logan Carter
39,Madison Mitchell
40,Nathan Perez
41,Octavia Roberts
42,Paul Turner
43,Quincy Phillips
44,Ruby Campbell
45,Sebastian Parker
46,Tatiana Evans
47,Ulysses Edwards
48,Valentina Collins
49,William Stewart
50,Xenia Sanchez
51,Yasmine Morris
52,Zane Rogers
53,Adriana Reed
54,Brandon Cook
55,Chloe Morgan
56,Dominic Bell
57,Elena Murphy
58,Felix Bailey
59,Gabriella Rivera
60,Hugo Cooper
61,Ivy Richardson
62,Julian Cox
63,Keira Howard
64,Lucas Ward
65,Maya Torres
66,Nicholas Peterson
67,Ophelia Gray
68,Oscar Ramirez
69,Penelope James
70,Quentin Watson
71,Rosa Brooks
72,Simon Kelly
73,Thalia Sanders
74,Uriel Price
75,Victoria Bennett
76,Wesley Wood
77,Xiomara Barnes
78,Yale Ross
79,Zara Henderson
80,Aaron Coleman
81,Bella Jenkins
82,Caleb Perry
83,Daisy Powell
84,Ethan Long
85,Fiona Patterson
86,George Hughes
87,Hannah Flores
88,Isaac Washington
89,Jasmine Butler
90,Kevin Simmons
91,Luna Foster
92,Mason Gonzales
93,Nora Bryant
94,Owen Alexander
95,Piper Russell
96,Quinton Griffin
97,Rebecca Diaz
98,Seth Hayes
99,Sophia Myers
100,Timothy Ford
101,Ursula Hamilton
102,Vincent Graham
103,Willow Sullivan
104,Xander Wallace
105,Yvonne Woods
106,Zion Kennedy
107,Amelia Lane
108,Bryce Marshall
109,Cecilia Webb
110,Damon Tucker
111,Eliza Wells
112,Finn Spencer
113,Gemma Holland
114,Hector Craig
115,Imogen Castillo
116,Jared Freeman
117,Kylie Duncan
118,Landon Meyer
119,Marissa Lynch
120,Nolan Burke
121,Odette Lyons
122,Preston Caldwell
123,Quinn Stone
124,Ramona Richards
125,Stefan Cross
126,Tessa Ortiz
127,Ulrich Fernandez
128,Vera Bowman
129,Wade Schultz
130,Willa Medina
131,Xyla Garrett
132,Yusuf Harvey
133,Zelda Chapman
134,Alden Miles
135,Bianca Hodges
136,Cody Malone
137,Delia Norman
138,Eli Dawson
139,Felicity Berry
140,Grant Gross
141,Heidi Frank
142,Ian Burgess
143,Jade Robertson
144,Knox Rhodes
145,Leah Nunez
146,Malcolm Cannon
147,Natasha Hudson
148,Oscar Carr
149,Paige Manning
150,Quest Welch
151,Rita Fields
152,Saul Walsh
153,Tamara Bates
154,Uri Mendoza
155,Vanessa Hale
156,Warren Marsh
157,Winter Powers
158,Xavi Keith
159,Yolanda Holt
160,Zeke Delgado
161,Aria Norton
162,Blake Parsons
163,Camila Mccarthy
164,Dean Vega
165,Esther Swanson
166,Flynn Wise
167,Giselle Brock
168,Heath Vaughn
169,India Ingram
170,Jace Mccoy
171,Kyla Zimmerman
172,Lance Carlson
173,Melody Hicks
174,Nelson Goodwin
175,Olive Reeves
176,Phoenix Mullins
177,Queen Carey
178,Rowan Eaton
179,Skye Cummings
180,Tristan Klein
181,Unity Pratt
182,Vance Contreras
183,Wren Gallegos
184,Xion Greer
185,Yael Stokes
186,Zephyr Hogan
187,Adaline Randall
188,Barrett Maldonado
189,Celeste Morse
190,Drake Fitzgerald
191,Emmett Ponce
192,Freya Jarvis
193,Griffin Singleton
194,Hope Guzman
195,Ivan Joseph
196,Josie Gamble
197,Keegan Levy
198,Lydia Durham
199,Memphis Boyer
200,Nina Glass
201,Orion Morrow
202,Pearl Austin
203,Quinlan Richmond
204,Rhett Thornton
205,Sierra Byrd
206,Titus Horn
207,Uma Baxter
208,Valor Kelley
209,Waverly Barr
210,Xander Weeks
211,Yasmin Robles
212,Zander Macias
213,Annabelle Vance
214,Beckett Juarez
215,Clementine Doyle
216,Declan Cooley
217,Everly Mcpherson
218,Fox Patel
219,Gianna Hess
220,Hudson Harmon
221,Iris Beard
222,Jett Moreno
223,Kinsley English
224,Levi Gillespie
225,Maeve Atkins
226,Nash Holden
227,Oakley Avery
228,Phoebe Morse
229,Quill Hancock
230,Reese Acosta
231,Sawyer Merritt
232,Teagan Pena
233,Urban Prince
234,Vienna Pittman
235,Wilder Ryan
236,Xena Haney
237,York Bonilla
238,Zoey Mckenzie
239,Asher Cantrell
240,Brooke Livingston
241,Colton Ochoa
242,Daniela Reilly
243,Easton Bullock
244,Faith Faulkner
245,Gage Blackwell
246,Hazel Dyer
247,Isaiah Beasley
248,Juliette Horne
249,Killian Snow
250,Liliana Escobar
251,Maddox Benton
252,Naomi Browning
253,Oakley Knapp
254,Parker Whitley
255,Quade Cortes
256,River Nolan
257,Sloane Singleton
258,Tucker Knox
259,Upton Galloway
260,Violet Hubbard
261,Walker Kaufman
262,Xyla Briggs
263,Yates Fowler
264,Zuri Booth
265,Atlas Walls
266,Brynn Sanford
267,Cruz Ramsey
268,Dakota Orr
269,Elliott Shepard
270,Finnley Dunn
271,Gia Lang
272,Hendrix Guerra
273,Isla Pruitt
274,Jaxon Bauer
275,Kenzie Roman
276,Lincoln Barajas
277,Magnolia Hahn
278,Niko Combs
279,Opal Velasquez
280,Palmer Gibbs
281,Quinn Shea
282,Reid Chung
283,Sutton Meza
284,Thea Blackburn
285,Upton Becker
286,Vera Bradshaw
287,Wade Whitehead
288,Wynter Bradford
289,Xander Arroyo
290,Yara Savage
291,Zane Pham
292,Alana Herring
293,Bodhi Shepard
294,Cleo Silva
295,Dax Kirby
296,Eden House
297,Ford Vincent
298,Gemma Keith
299,Hayes Marks
300,Indie Ibarra
301,Jude William
302,Kira Lindsey
303,Ledger Francis
304,Millie Huerta
305,Nixon Mejia
306,Oaklee Pacheco
307,Pierce Skinner
308,Quincy Ali
309,Remi Noble
310,Sage Duffy
311,Tate Waters
312,Ulani Cameron
313,Van Odom
314,Winslow Wade
315,Xenia Mcmillan
316,York Hull
317,Zelda Nixon
318,Ari Anthony
319,Blair Collier
320,Cairo Navarro
321,Darcy Hartman
322,Ellis Mcintyre
323,Flora Horn
324,Gray Baird
325,Honor Lynch
326,Indigo Walton
327,Journey Herrera
328,Kade Berg
329,Lark Werner
330,Merritt Frederick
331,Navy Short
332,Ode Oconnor
333,Poet Hester
334,Quest Gallagher
335,Ripley Shannon
336,Story Potter
337,True Buckley
338,Unity Best
339,Vale Ibarra
340,West Vang
341,Xen Saunders
342,York Goodman
343,Zealand Moody
344,Auden Strong
345,Bay Davila
346,Cove Conrad
347,Dune Moses
348,Ever Dickson
349,Fox Mckee
350,Grey Mcdowell
351,Harbor Wall
352,Indie Pace
353,Jazz Ramsey
354,Kit Chang
355,Lake Blanchard
356,Moon Forbes
357,North Bond
358,Ocean Boone
359,Pace Krueger
360,Quay Levy
361,Rain Pugh
362,Sky Hensley
363,Tide Shields
364,Umber Meadows
365,Vale Dorsey
366,Wave Pryor
367,Winter Hurst
368,Xen Wiley
369,Yarrow Yu
370,Zenith Rollins
371,Arden Mays
372,Blaze Kelley
373,Canyon Oconnell
374,Delta Valenzuela
375,Echo Howe
376,Frost Blevins
377,Grove Haas
378,Heath Beach
379,Ivy Rosales
380,Jet Johns
381,Kai Chan
382,Leaf Valentine
383,Moss Benjamin
384,Nova Haynes
385,Onyx Ferrell
386,Peak Hutchinson
387,Quill Reese
388,Reed Solomon
389,Stone Branch
390,Trail Mcneil
391,Urban Dodson
392,Vista Christensen
393,Wolf Bray
394,Xander Whitaker
395,Yarrow Sellers
396,Zenon Moran
397,Ash Mathews
398,Bliss Barton
399,Clay Mccarty
400,Dawn Mcdaniel
401,Eden Sutton
402,Field Carey
403,Grove Wyatt
404,Hawk Middleton
405,Isla Crosby
406,Jade Roach
407,Knox Watts
408,Lane Gallegos
409,Mist Valenzuela
410,North Spence
411,Oak Andersen
412,Pine Cochran
413,Quest Ware
414,Reed Quintana
415,Sage Mata
416,Terra Harding
417,Unity Church
418,Vale Conley
419,Wind Cherry
420,Xen Stanton
421,Yarrow Duarte
422,Zion Knapp
423,Arbor Gilliam
424,Blaze Parks
425,Cedar Preston
426,Dale Henson
427,Ember Berg
428,Flint Cisneros
429,Glen Gamble
430,Hawk Patrick
431,Iris Zamora
432,Jade Nixon
433,Kale Lloyd
434,Lake Petty
435,Marsh Sosa
436,Noble Morse
437,Orion Durham
438,Prairie Dalton
439,Quest Jarvis
440,Ridge Pitts
441,Sage Savage
442,Thorn Nielsen
443,Urban Hull
444,Vale Vincent
445,Woods Key
446,Xen Coffey
447,Yarrow Barr
448,Zion Lester
449,Aspen Hyde
450,Birch Joyce
451,Cliff Welch
452,Dawn Hartley
453,Elm Montoya
454,Field Kerr
455,Glen Yoder
456,Heath Ibarra
457,Isle Woodard
458,Jet Andrade
459,Kale Todd
460,Linden Frederick
461,Moss Villa
462,North Howe
463,Oak Leblanc
464,Pine Osborn
465,Quarry Raymond
466,River Morrow
467,Stone Daugherty
468,Trail Whitley
469,Urban Conrad
470,Vale Haynes
471,Wood Mercer
472,Xen Hobbs
473,Yarrow Rich
474,Zion Koch
475,Arbor Proctor
476,Bay Kent
477,Cedar Gilmore
478,Dale Barr
479,Ember Molina
480,Flint Stout
481,Glen Brewer
482,Hawk Hensley
483,Isle Dunn
484,Jade Bean
485,Kale Parks
486,Lake Blackwell
487,Moss Vaughan
488,Noble Shannon
489,Oak Barker
490,Prairie Church
491,Quest Richard
492,Ridge Zimmerman
493,Sage Russo
494,Thorn Golden
495,Urban Carey
496,Vale Hoover
497,Wind Walton
498,Xen Stokes
499,Yarrow Valentine
500,Zion Byrd
501,Amber Hayes
502,Blake Waters
503,Casey Hunter
504,Drew Fischer
505,Emery Holmes
506,Finley Ryan
507,Gray Moon
508,Haven Ramos
509,Indigo Sharp
510,Jory Snow
511,Kendall Marsh
512,Lane Holt
513,Morgan Bass
514,Noel Daniels
515,Oakley Webb
516,Parker Bolton
517,Quinn Tyler
518,Reese Malone
519,Sage Horton
520,Taylor Chandler
521,Urban Cortez
522,Vale Holder
523,Winter Miles
524,Xen Poole
525,Yael Farrell
526,Zion Maldonado
527,Auden Villarreal
528,Bay Sutton
529,Cameron Singleton
530,Dakota Summers
531,Ellis Kane
532,Finley Briggs
533,Gray Dalton
534,Hayden Osborne
535,Indigo Quinn
536,Jordan York
537,Kamryn Porter
538,Logan Velez
539,Morgan Santos
540,Nevada Noel
541,Ocean Shields
542,Parker Lang
543,Quinn Owens
544,Remy Norton
545,Skylar Rhodes
546,Taylor Pace
547,Urban Wu
548,Vale Case
549,Winter Duran
550,Xen Henson
551,Yarrow Randolph
552,Zuri Villegas
553,Avery Gould
554,Blair Francis
555,Cameron Barton
556,Dallas Schroeder
557,Emerson Stein
558,Finley Wyatt
559,Gray Odom
560,Harper Brock
561,Indiana Hodge
562,Jamie Archer
563,Kelly Thornton
564,London Lynch
565,Marley Greene
566,Nico Chambers
567,Oakley Richard
568,Peyton Benson
569,Quinn Holt
570,Riley Bryan
571,Sage Galloway
572,Taylor Cervantes
573,Utah Vega
574,Vale Wilcox
575,Winter Dickson
576,Xen Lang
577,Yael Jacobson
578,Zion Whitaker
579,Addison Haney
580,Blake Hess
581,Casey Downs
582,Devon Calhoun
583,Elliot Mayer
584,Finley Burch
585,Gray Hensley
586,Harley Rios
587,Indigo Kent
588-,Justice Gallagher
589,Kelly Frank
590,Landen Jacobson
591,Morgan Mullins
592,Nico Durham
593,Oakley Payne
594,Parker English
595,Quinn Davenport
596,River Mcdowell
597,Sage Odonnell
598,Taylor Clements
599,Unity Garrett
600,Vale Beach
601,Winter Lutz
602,Xen Estes
603,Yarrow Bernal
604,Zion Mora
605,Adrian Knight
606,Bailey Rojas
607,Cameron Oconnell
608,Darby Newman
609,Emery Richmond
610,Finley Stuart
611,Gray Townsend
612,Hayden Hendrix
613,Indiana Huff
614,Jamie Burnett
615,Kennedy Mcgrath
616,Logan Phelps
617,Morgan Gates
618,Nico Cisneros
619,Oakley Gentry
620,Parker Deleon
621,Quinn Ayala
622,Rory Mckay
623,Sage Esparza
624,Taylor Waller
625,Unity Horn
626,Vale Hahn
627,Winter Everett
628,Xen Finley
629,Yarrow Joyce
630,Zion Preston
631,Addison Cannon
632,Blake Fritz
633,Cameron Ochoa
634,Dallas Bruce
635,Emerson Meza
636,Finley Solomon
637,Gray Boone
638,Harley Bartlett
639,Indiana Cherry
640,Jordan Sawyer
641,Kendall Coffey
642,Logan Krause
643,Morgan Daugherty
644,Nico Villa
645,Oakley Grimes
646,Parker Conner
647,Quinn Acosta
648,Riley Mack
649,Sage Carey
650,Taylor Guy
651,Unity Whitehead
652,Vale Goodwin
653,Winter Mcintosh
654,Xen Bradford
655,Yael Reilly
656,Zion Hanna
657,Avery Sims
658,Blair Serrano
659,Cameron Barker
660,Dakota Buck
661,Elliot Wheeler
662,Finley Massey
663,Gray Gibbs
664,Harper Weiss
665,Indiana Duffy
666,Jamie Guerra
667,Kelly Kramer
668,London Ellison
669,Morgan Bryan
670,Nico Hurst
671,Oakley Frederick
672,Peyton Valenzuela
673,Quinn Beasley
674,Riley Benjamin
675,Sage Huerta
676,Taylor Lester
677,Unity Moss
678,Vale Nixon
679,Winter Delaney
680,Xen Pacheco
681,Yarrow Mejia
682,Zuri Berg
683,Addison Browning
684,Blake Pitts
685,Casey Santos
686,Devon Key
687,Emery Mcdonald
688,Finley Hartman
689,Gray Velasquez
690,Harley Bass
691,Indiana Moon
692,Justice Villarreal
693,Kendall Fischer
694,Logan Walter
695,Morgan Shannon
696,Nico Golden
697,Oakley Russo
698,Parker Duke
699,Quinn Harmon
700,River Bentley
701,Sage Robles
702,Taylor Beard
703,Unity Mathews
704,Vale Walls
705,Winter Hancock
706,Xen Kaufman
707,Yael Ramsey
708,Zion Cochran
709,Adrian Shaffer
710,Bailey Ponce
711,Cameron Stevenson
712,Darby Rowe
713,Emerson Yates
714,Finley Juarez
715,Gray Lozano
716,Hayden Gibbons
717,Indiana Mora
718,Jamie Dougherty
719,Kennedy Farley
720,Logan Sampson
721,Morgan Villanueva
722,Nico Morrow
723,Oakley Mayo
724,Parker Branch
725,Quinn Valentine
726,Rory Haynes
727,Sage Sanford
728,Taylor Petty
729,Unity Howe
730,Vale Rosales
731,Winter Hoover
732,Xen Morse
733,Yarrow Glass
734,Zion Bray
735,Addison Stout
736,Blake Mcdaniel
737,Cameron Lyons
738,Dallas Baxter
739,Emery Rowland
740,Finley Fields
741,Gray Savage
742,Harley Jarvis
743,Indiana Henson
744,Jordan Weaver
745,Kendall Wilkinson
746,Logan Buckley
747,Morgan Mckinney
748,Nico Benton
749,Oakley Duran
750,Parker Church
751,Quinn Patrick
752,Riley Frazier
753,Sage Glover
754,Taylor Whitley
755,Unity Conrad
756,Vale Villa
757,Winter Crosby
758,Xen Zamora
759,Yael Weeks
760,Zion Oneal
761,Avery Shannon
762,Blair Kelley
763,Cameron Hull
764,Dakota Mckenzie
765,Elliot Underwood
766,Finley Rush
767,Gray Koch
768,Harper Webster
769,Indiana Hyde
770,Jamie Schultz
771,Kelly Leblanc
772,London Lamb
773,Morgan Hale
774,Nico Tran
775,Oakley Pennington
776,Peyton Aguirre
777,Quinn Bowers
778,Riley Simmons
779,Sage Barr
780,Taylor Hinton
781,Unity Ortega
782,Vale Fitzpatrick
783,Winter Ingram
784,Xen Contreras
785,Yarrow Ibarra
786,Zuri Vincent
787,Addison Bird
788,Blake Medina
789,Casey Huff
790,Devon Yoder
791,Emery Mcgee
792,Finley Frederick
793,Gray Sykes
794,Harley Ware
795,Indiana Strong
796,Justice Todd
797,Kendall Mcfarland
798,Logan Carey
799,Morgan Andrade
800,Nico Richard
801,Oakley Hobbs
802,Parker Spence
803,Quinn Lutz
804,River Nielsen
805,Sage Bean
806,Taylor Brewer
807,Unity Osborn
808,Vale Raymond
809,Winter Mercer
810,Xen Livingston
811,Yael Rich
812,Zion Proctor
813,Adrian Hahn
814,Bailey Kent
815,Cameron Gilliam
816,Darby Blackwell
817,Emerson Parks
818,Finley Hensley
819,Gray Dunn
820,Hayden Shannon
821,Indiana Barker
822,Jamie Church
823,Kennedy Zimmerman
824,Logan Vaughan
825,Morgan Russo
826,Nico Golden
827,Oakley Carey
828,Parker Hoover
829,Quinn Walton
830,Rory Stokes
831,Sage Valentine
832,Taylor Byrd
833,Unity Hayes
834,Vale Waters
835,Winter Hunter
836,Xen Fischer
837,Yarrow Holmes
838,Zion Ryan
839,Addison Moon
840,Blake Ramos
841,Cameron Sharp
842,Dallas Snow
843,Emery Marsh
844,Finley Holt
845,Gray Bass
846,Harley Daniels
847,Indiana Webb
848,Jordan Bolton
849,Kendall Tyler
850,Logan Malone
851,Morgan Horton
852,Nico Chandler
853,Oakley Cortez
854,Parker Holder
855,Quinn Miles
856,Riley Poole
857,Sage Farrell
858,Taylor Maldonado
859,Unity Villarreal
860,Vale Sutton
861,Winter Singleton
862,Xen Summers
863,Yael Kane
864,Zion Briggs
865,Avery Dalton
866,Blair Osborne
867,Cameron Quinn
868,Dakota York
869,Elliot Porter
870,Finley Velez
871,Gray Santos
872,Harper Noel
873,Indiana Shields
874,Jamie Lang
875,Kelly Owens
876,London Norton
877,Morgan Rhodes
878,Nico Pace
879,Oakley Wu
880,Peyton Case
881,Quinn Duran
882,Riley Henson
883,Sage Randolph
884,Taylor Villegas
885,Unity Gould
886,Vale Francis
887,Winter Barton
888,Xen Schroeder
889,Yarrow Stein
890,Zuri Wyatt
891,Addison Odom
892,Blake Brock
893,Casey Hodge
894,Devon Archer
895,Emery Thornton
896,Finley Lynch
897,Gray Greene
898,Harley Chambers
899,Indiana Richard
900,Justice Benson
901,Kendall Holt
902,Logan Bryan
903,Morgan Galloway
904,Nico Cervantes
905,Oakley Vega
906,Parker Wilcox
907,Quinn Dickson
908,River Lang
909,Sage Jacobson
910,Taylor Whitaker
911,Unity Haney
912,Vale Hess
913,Winter Downs
914,Xen Calhoun
915,Yael Mayer
916,Zion Burch
917,Adrian Hensley
918,Bailey Rios
919,Cameron Kent
920,Darby Gallagher
921,Emerson Frank
922,Finley Jacobson
923,Gray Mullins
924,Hayden Durham
925,Indiana Payne
926,Jamie English
927,Kennedy Davenport
928,Logan Mcdowell
929,Morgan Odonnell
930,Nico Clements
931,Oakley Garrett
932,Parker Beach
933,Quinn Lutz
934,Rory Estes
935,Sage Bernal
936,Taylor Mora
937,Unity Knight
938,Vale Rojas
939,Winter Oconnell
940,Xen Newman
941,Yarrow Richmond
942,Zion Stuart
943,Addison Townsend
944,Blake Hendrix
945,Cameron Huff
946,Dallas Burnett
947,Emery Mcgrath
948,Finley Phelps
949,Gray Gates
950,Harley Cisneros
951,Indiana Gentry
952,Jordan Deleon
953,Kendall Ayala
954,Logan Mckay
955,Morgan Esparza
956,Nico Waller
957,Oakley Horn
958,Parker Hahn
959,Quinn Everett
960,Riley Finley
961,Sage Joyce
962,Taylor Preston
963,Unity Cannon
964,Vale Fritz
965,Winter Ochoa
966,Xen Bruce
967,Yael Meza
968,Zion Solomon
969,Avery Boone
970,Blair Bartlett
971,Cameron Cherry
972,Dakota Sawyer
973,Elliot Coffey
974,Finley Krause
975,Gray Daugherty
976,Harper Villa
977,Indiana Grimes
978,Jamie Conner
979,Kelly Acosta
980,London Mack
981,Morgan Carey
982,Nico Guy
983,Oakley Whitehead
984,Peyton Goodwin
985,Quinn Mcintosh
986,Riley Bradford
987,Sage Reilly
988,Taylor Hanna
989,Unity Sims
990,Vale Serrano
991,Winter Barker
992,Xen Buck
993,Yarrow Wheeler
994,Zuri Massey
995,Addison Gibbs
996,Blake Weiss
997,Casey Duffy
998,Devon Guerra
999,Emery Kramer
1000,Finley Ellison
1001,Gray Bryan
1002,Harley Hurst
1003,Indiana Frederick
1004,Justice Valenzuela
1005,Kendall Beasley
1006,Logan Benjamin
1007,Morgan Huerta
1008,Nico Lester
1009,Oakley Moss
1010,Parker Nixon
1011,Quinn Delaney
1012,River Pacheco
1013,Sage Mejia
1014,Taylor Berg
1015,Unity Browning
1016,Vale Pitts
1017,Winter Santos
1018,Xen Key
1019,Yael Mcdonald
1020,Zion Hartman
1021,Adrian Velasquez
1022,Bailey Bass
1023,Cameron Moon
1024,Darby Villarreal
1025,Emerson Fischer
1026,Finley Walter
1027,Gray Shannon
1028,Hayden Golden
1029,Indiana Russo
1030,Jamie Duke
1031,Kennedy Harmon
1032,Logan Bentley
1033,Morgan Robles
1034,Nico Beard
1035,Oakley Mathews
1036,Parker Walls
1037,Quinn Hancock
1038,Rory Kaufman
1039,Sage Ramsey
1040,Taylor Cochran
1041,Unity Shaffer
1042,Vale Ponce
1043,Winter Stevenson
1044,Xen Rowe
1045,Yarrow Yates
1046,Zion Juarez
1047,Addison Lozano
1048,Blake Gibbons
1049,Cameron Mora
1050,Dallas Dougherty
1051,Emery Farley
1052,Finley Sampson
1053,Gray Villanueva
1054,Harley Morrow
1055,Indiana Mayo
1056,Jordan Branch
1057,Kendall Valentine
1058,Logan Haynes
1059,Morgan Sanford
1060,Nico Petty
1061,Oakley Howe
1062,Parker Rosales
1063,Quinn Hoover
1064,Riley Morse
1065,Sage Glass
1066,Taylor Bray
1067,Unity Stout
1068,Vale Mcdaniel
1069,Winter Lyons
1070,Xen Baxter
1071,Yael Rowland
1072,Zion Fields
1073,Avery Savage
1074,Blair Jarvis
1075,Cameron Henson
1076,Dakota Weaver
1077,Elliot Wilkinson
1078,Finley Buckley
1079,Gray Mckinney
1080,Harper Benton
1081,Indiana Duran
1082,Jamie Church
1083,Kelly Patrick
1084,London Frazier
1085,Morgan Glover
1086,Nico Whitley
1087,Oakley Conrad
1088,Peyton Villa
1089,Quinn Crosby
1090,Riley Zamora
1091,Sage Weeks
1092,Taylor Oneal
1093,Unity Shannon
1094,Vale Kelley
1095,Winter Hull
1096,Xen Mckenzie
1097,Yarrow Underwood
1098,Zuri Rush
1099,Addison Koch
1100,Blake Webster
1101,Casey Hyde
1102,Devon Schultz
1103,Emery Leblanc
1104,Finley Lamb
1105,Gray Hale
1106,Harley Tran
1107,Indiana Pennington
1108,Justice Aguirre
1109,Kendall Bowers
1110,Logan Simmons
1111,Morgan Barr
1112,Nico Hinton
1113,Oakley Ortega
1114,Parker Fitzpatrick
1115,Quinn Ingram
1116,River Contreras
1117,Sage Ibarra
1118,Taylor Vincent
1119,Unity Bird
1120,Vale Medina
1121,Winter Huff
1122,Xen Yoder
1123,Yael Mcgee
1124,Zion Frederick
1125,Adrian Sykes
1126,Bailey Ware
1127,Cameron Strong
1128,Darby Todd
1129,Emerson Mcfarland
1130,Finley Carey
1131,Gray Andrade
1132,Hayden Richard
1133,Indiana Hobbs
1134,Jamie Spence
1135,Kennedy Lutz
1136,Logan Nielsen
1137,Morgan Bean
1138,Nico Brewer
1139,Oakley Osborn
1140,Parker Raymond
1141,Quinn Mercer
1142,Rory Livingston
1143,Sage Rich
1144,Taylor Proctor
1145,Unity Hahn
1146,Vale Kent
1147,Winter Gilliam
1148,Xen Blackwell
1149,Yarrow Parks
1150,Zion Hensley
1151,Addison Dunn
1152,Blake Shannon
1153,Cameron Barker
1154,Dallas Church
1155,Emery Zimmerman
1156,Finley Vaughan
1157,Gray Russo
1158,Harley Golden
1159,Indiana Carey
1160,Jordan Hoover
1161,Kendall Walton
1162,Logan Stokes
1163,Morgan Valentine
1164,Nico Byrd
1165,Oakley Hayes
1166,Parker Waters
1167,Quinn Hunter
1168,Riley Fischer
1169,Sage Holmes
1170,Taylor Ryan
1171,Unity Moon
1172,Vale Ramos
1173,Winter Sharp
1174,Xen Snow
1175,Yael Marsh
1176,Zion Holt
1177,Avery Bass
1178,Blair Daniels
1179,Cameron Webb
1180,Dakota Bolton
1181,Elliot Tyler
1182,Finley Malone
1183,Gray Horton
1184,Harper Chandler
1185,Indiana Cortez
1186,Jamie Holder
1187,Kelly Miles
1188,London Poole
1189,Morgan Farrell
1190,Nico Maldonado
1191,Oakley Villarreal
1192,Peyton Sutton
1193,Quinn Singleton
1194,Riley Summers
1195,Sage Kane
1196,Taylor Briggs
1197,Unity Dalton
1198,Vale Osborne
1199,Winter Quinn
1200,Xen York
1201,Yarrow Porter
1202,Zuri Velez
1203,Addison Santos
1204,Blake Noel
1205,Casey Shields
1206,Devon Lang
1207,Emery Owens
1208,Finley Norton
1209,Gray Rhodes
1210,Harley Pace
1211,Indiana Wu
1212,Justice Case
1213,Kendall Duran
1214,Logan Henson
1215,Morgan Randolph
1216,Nico Villegas
1217,Oakley Gould
1218,Parker Francis
1219,Quinn Barton
1220,River Schroeder
1221,Sage Stein
1222,Taylor Wyatt
1223,Unity Odom
1224,Vale Brock
1225,Winter Hodge
1226,Xen Archer
1227,Yael Thornton
1228,Zion Lynch
1229,Adrian Greene
1230,Bailey Chambers
1231,Cameron Richard
1232,Darby Benson
1233,Emerson Holt
1234,Finley Bryan
1235,Gray Galloway
1236,Hayden Cervantes
1237,Indiana Vega
1238,Jamie Wilcox
1239,Kennedy Dickson
1240,Logan Lang
1241,Morgan Jacobson
1242,Nico Whitaker
1243,Oakley Haney
1244,Parker Hess
1245,Quinn Downs
1246,Rory Calhoun
1247,Sage Mayer
1248,Taylor Burch
1249,Unity Hensley
1250,Vale Rios
1251,Winter Kent
1252,Xen Gallagher
1253,Yarrow Frank
1254,Zion Jacobson
1255,Addison Mullins
1256,Blake Durham
1257,Cameron Payne
1258,Dallas English
1259,Emery Davenport
1260,Finley Mcdowell
1261,Gray Odonnell
1262,Harley Clements
1263,Indiana Garrett
1264,Jordan Beach
1265,Kendall Lutz
1266,Logan Estes
1267,Morgan Bernal
1268,Nico Mora
1269,Oakley Knight
1270,Parker Rojas
1271,Quinn Oconnell
1272,Riley Newman
1273,Sage Richmond
1274,Taylor Stuart
1275,Unity Townsend
1276,Vale Hendrix
1277,Winter Huff
1278,Xen Burnett
1279,Yael Mcgrath
1280,Zion Phelps
1281,Avery Gates
1282,Blair Cisneros
1283,Cameron Gentry
1284,Dakota Deleon
1285,Elliot Ayala
1286,Finley Mckay
1287,Gray Esparza
1288,Harper Waller
1289,Indiana Horn
1290,Jamie Hahn
1291,Kelly Everett
1292,London Finley
1293,Morgan Joyce
1294,Nico Preston
1295,Oakley Cannon
1296,Peyton Fritz
1297,Quinn Ochoa
1298,Riley Bruce
1299,Sage Meza
1300,Taylor Solomon
1301,Unity Boone
1302,Vale Bartlett
1303,Winter Cherry
1304,Xen Sawyer
1305,Yarrow Coffey
1306,Zuri Krause
1307,Addison Daugherty
1308,Blake Villa
1309,Casey Grimes
1310,Devon Conner
1311,Emery Acosta
1312,Finley Mack
1313,Gray Carey
1314,Harley Guy
1315,Indiana Whitehead
1316,Justice Goodwin
1317,Kendall Mcintosh
1318,Logan Bradford
1319,Morgan Reilly
1320,Nico Hanna
1321,Oakley Sims
1322,Parker Serrano
1323,Quinn Barker
1324,River Buck
1325,Sage Wheeler
1326,Taylor Massey
1327,Unity Gibbs
1328,Vale Weiss
1329,Winter Duffy
1330,Xen Guerra
1331,Yael Kramer
1332,Zion Ellison
1333,Adrian Bryan
1334,Bailey Hurst
1335,Cameron Frederick
1336,Darby Valenzuela
1337,Emerson Beasley
1338,Finley Benjamin
1339,Gray Huerta
1340,Hayden Lester
1341,Indiana Moss
1342,Jamie Nixon
1343,Kennedy Delaney
1344,Logan Pacheco
1345,Morgan Mejia
1346,Nico Berg
1347,Oakley Browning
1348,Parker Pitts
1349,Quinn Santos
1350,Rory Key
1351,Sage Mcdonald
1352,Taylor Hartman
1353,Unity Velasquez
1354,Vale Bass
1355,Winter Moon
1356,Xen Villarreal
1357,Yarrow Fischer
1358,Zion Walter
1359,Addison Shannon
1360,Blake Golden
1361,Cameron Russo
1362,Dallas Duke
1363,Emery Harmon
1364,Finley Bentley
1365,Gray Robles
1366,Harley Beard
1367,Indiana Mathews
1368,Jordan Walls
1369,Kendall Hancock
1370,Logan Kaufman
1371,Morgan Ramsey
1372,Nico Cochran
1373,Oakley Shaffer
1374,Parker Ponce
1375,Quinn Stevenson
1376,Riley Rowe
1377,Sage Yates
1378,Taylor Juarez
1379,Unity Lozano
1380,Vale Gibbons
1381,Winter Mora
1382,Xen Dougherty
1383,Yael Farley
1384,Zion Sampson
1385,Avery Villanueva
1386,Blair Morrow
1387,Cameron Mayo
1388,Dakota Branch
1389,Elliot Valentine
1390,Finley Haynes
1391,Gray Sanford
1392,Harper Petty
1393,Indiana Howe
1394,Jamie Rosales
1395,Kelly Hoover
1396,London Morse
1397,Morgan Glass
1398,Nico Bray
1399,Oakley Stout
1400,Peyton Mcdaniel
1401,Quinn Lyons
1402,Riley Baxter
1403,Sage Rowland
1404,Taylor Fields
1405,Unity Savage
1406,Vale Jarvis
1407,Winter Henson
1408,Xen Weaver
1409,Yarrow Wilkinson
1410,Zuri Buckley
1411,Addison Mckinney
1412,Blake Benton
1413,Casey Duran
1414,Devon Church
1415,Emery Patrick
1416,Finley Frazier
1417,Gray Glover
1418,Harley Whitley
1419,Indiana Conrad
1420,Justice Villa
1421,Kendall Crosby
1422,Logan Zamora
1423,Morgan Weeks
1424,Nico Oneal
1425,Oakley Shannon
1426,Parker Kelley
1427,Quinn Hull
1428,River Mckenzie
1429,Sage Underwood
1430,Taylor Rush
1431,Unity Koch
1432,Vale Webster
1433,Winter Hyde
1434,Xen Schultz
1435,Yael Leblanc
1436,Zion Lamb
1437,Adrian Hale
1438,Bailey Tran
1439,Cameron Pennington
1440,Darby Aguirre
1441,Emerson Bowers
1442,Finley Simmons
1443,Gray Barr
1444,Hayden Hinton
1445,Indiana Ortega
1446,Jamie Fitzpatrick
1447,Kennedy Ingram
1448,Logan Contreras
1449,Morgan Ibarra
1450,Nico Vincent
1451,Oakley Bird
1452,Parker Medina
1453,Quinn Huff
1454,Rory Yoder
1455,Sage Mcgee
1456,Taylor Frederick
1457,Unity Sykes
1458,Vale Ware
1459,Winter Strong
1460,Xen Todd
1461,Yarrow Mcfarland
1462,Zion Carey
1463,Addison Andrade
1464,Blake Richard
1465,Cameron Hobbs
1466,Dallas Spence
1467,Emery Lutz
1468,Finley Nielsen
1469,Gray Bean
1470,Harley Brewer
1471,Indiana Osborn
1472,Jordan Raymond
1473,Kendall Mercer
1474,Logan Livingston
1475,Morgan Rich
1476,Nico Proctor
1477,Oakley Hahn
1478,Parker Kent
1479,Quinn Gilliam
1480,Riley Blackwell
1481,Sage Parks
1482,Taylor Hensley
1483,Unity Dunn
1484,Vale Shannon
1485,Winter Barker
1486,Xen Church
1487,Yael Zimmerman
1488,Zion Vaughan
1489,Avery Russo
1490,Blair Golden
1491,Cameron Carey
1492,Dakota Hoover
1493,Elliot Walton
1494,Finley Stokes
1495,Gray Valentine
1496,Harper Byrd
1497,Indiana Hayes
1498,Jamie Waters
1499,Kelly Hunter
1500,London Fischer
1501,Morgan Holmes
1502,Nico Ryan
1503,Oakley Moon
1504,Peyton Ramos
1505,Quinn Sharp
1506,Riley Snow
1507,Sage Marsh
1508,Taylor Holt
1509,Unity Bass
1510,Vale Daniels
1511,Winter Webb
1512,Xen Bolton
1513,Yarrow Tyler
1514,Zuri Malone
1515,Addison Horton
1516,Blake Chandler
1517,Casey Cortez
1518,Devon Holder
1519,Emery Miles
1520,Finley Poole
1521,Gray Farrell
1522,Harley Maldonado
1523,Indiana Villarreal
1524,Justice Sutton
1525,Kendall Singleton
1526,Logan Summers
1527,Morgan Kane
1528,Nico Briggs
1529,Oakley Dalton
1530,Parker Osborne
1531,Quinn Quinn
1532,River York
1533,Sage Porter
1534,Taylor Velez
1535,Unity Santos
1536,Vale Noel
1537,Winter Shields
1538,Xen Lang
1539,Yael Owens
1540,Zion Norton
1541,Adrian Rhodes
1542,Bailey Pace
1543,Cameron Wu
1544,Darby Case
1545,Emerson Duran
1546,Finley Henson
1547,Gray Randolph
1548,Hayden Villegas
1549,Indiana Gould
1550,Jamie Francis
1551,Kennedy Barton
1552,Logan Schroeder
1553,Morgan Stein
1554,Nico Wyatt
1555,Oakley Odom
1556,Parker Brock
1557,Quinn Hodge
1558,Rory Archer
1559,Sage Thornton
1560,Taylor Lynch
1561,Unity Greene
1562,Vale Chambers
1563,Winter Richard
1564,Xen Benson
1565,Yarrow Holt
1566,Zion Bryan
1567,Addison Galloway
1568,Blake Cervantes
1569,Cameron Vega
1570,Dallas Wilcox
1571,Emery Dickson
1572,Finley Lang
1573,Gray Jacobson
1574,Harley Whitaker
1575,Indiana Haney
1576,Jordan Hess
1577,Kendall Downs
1578,Logan Calhoun
1579,Morgan Mayer
1580,Nico Burch
1581,Oakley Hensley
1582,Parker Rios
1583,Quinn Kent
1584,Riley Gallagher
1585,Sage Frank
1586,Taylor Jacobson
1587,Unity Mullins
1588,Vale Durham
1589,Winter Payne
1590,Xen English
1591,Yael Davenport
1592,Zion Mcdowell
1593,Avery Odonnell
1594,Blair Clements
1595,Cameron Garrett
1596,Dakota Beach
1597,Elliot Lutz
1598,Finley Estes
1599,Gray Bernal
1600,Harper Mora
1601,Indiana Knight
1602,Jamie Rojas
1603,Kelly Oconnell
1604,London Newman
1605,Morgan Richmond
1606,Nico Stuart
1607,Oakley Townsend
1608,Peyton Hendrix
1609,Quinn Huff
1610,Riley Burnett
1611,Sage Mcgrath
1612,Taylor Phelps
1613,Unity Gates
1614,Vale Cisneros
1615,Winter Gentry
1616,Xen Deleon
1617,Yarrow Ayala
1618,Zuri Mckay
1619,Addison Esparza
1620,Blake Waller
1621,Casey Horn
1622,Devon Hahn
1623,Emery Everett
1624,Finley Finley
1625,Gray Joyce
1626,Harley Preston
1627,Indiana Cannon
1628,Justice Fritz
1629,Kendall Ochoa
1630,Logan Bruce
1631,Morgan Meza
1632,Nico Solomon
1633,Oakley Boone
1634,Parker Bartlett
1635,Quinn Cherry
1636,River Sawyer
1637,Sage Coffey
1638,Taylor Krause
1639,Unity Daugherty
1640,Vale Villa
1641,Winter Grimes
1642,Xen Conner
1643,Yael Acosta
1644,Zion Mack
1645,Adrian Carey
1646,Bailey Guy
1647,Cameron Whitehead
1648,Darby Goodwin
1649,Emerson Mcintosh
1650,Finley Bradford
1651,Gray Reilly
1652,Hayden Hanna
1653,Indiana Sims
1654,Jamie Serrano
1655,Kennedy Barker
1656,Logan Buck
1657,Morgan Wheeler
1658,Nico Massey
1659,Oakley Gibbs
1660,Parker Weiss
1661,Quinn Duffy
1662,Rory Guerra
1663,Sage Kramer
1664,Taylor Ellison
1665,Unity Bryan
1666,Vale Hurst
1667,Winter Frederick
1668,Xen Valenzuela
1669,Yarrow Beasley
1670,Zion Benjamin
1671,Addison Huerta
1672,Blake Lester
1673,Cameron Moss
1674,Dallas Nixon
1675,Emery Delaney
1676,Finley Pacheco
1677,Gray Mejia
1678,Harley Berg
1679,Indiana Browning
1680,Jordan Pitts
1681,Kendall Santos
1682,Logan Key
1683,Morgan Mcdonald
1684,Nico Hartman
1685,Oakley Velasquez
1686,Parker Bass
1687,Quinn Moon
1688,Riley Villarreal
1689,Sage Fischer
1690,Taylor Walter
1691,Unity Shannon
1692,Vale Golden
1693,Winter Russo
1694,Xen Duke
1695,Yael Harmon
1696,Zion Bentley
1697,Avery Robles
1698,Blair Beard
1699,Cameron Mathews
1700,Dakota Walls
1701,Elliot Hancock
1702,Finley Kaufman
1703,Gray Ramsey
1704,Harper Cochran
1705,Indiana Shaffer
1706,Jamie Ponce
1707,Kelly Stevenson
1708,London Rowe
1709,Morgan Yates
1710,Nico Juarez
1711,Oakley Lozano
1712,Peyton Gibbons
1713,Quinn Mora
1714,Riley Dougherty
1715,Sage Farley
1716,Taylor Sampson
1717,Unity Villanueva
1718,Vale Morrow
1719,Winter Mayo
1720,Xen Branch
1721,Yarrow Valentine
1722,Zuri Haynes
1723,Addison Sanford
1724,Blake Petty
1725,Casey Howe
1726,Devon Rosales
1727,Emery Hoover
1728,Finley Morse
1729,Gray Glass
1730,Harley Bray
1731,Indiana Stout
1732,Justice Mcdaniel
1733,Kendall Lyons
1734,Logan Baxter
1735,Morgan Rowland
1736,Nico Fields
1737,Oakley Savage
1738,Parker Jarvis
1739,Quinn Henson
1740,River Weaver
1741,Sage Wilkinson
1742,Taylor Buckley
1743,Unity Mckinney
1744,Vale Benton
1745,Winter Duran
1746,Xen Church
1747,Yael Patrick
1748,Zion Frazier
1749,Adrian Glover
1750,Bailey Whitley
1751,Cameron Conrad
1752,Darby Villa
1753,Emerson Crosby
1754,Finley Zamora
1755,Gray Weeks
1756,Hayden Oneal
1757,Indiana Shannon
1758,Jamie Kelley
1759,Kennedy Hull
1760,Logan Mckenzie
1761,Morgan Underwood
1762,Nico Rush
1763,Oakley Koch
1764,Parker Webster
1765,Quinn Hyde
1766,Rory Schultz
1767,Sage Leblanc
1768,Taylor Lamb
1769,Unity Hale
1770,Vale Tran
1771,Winter Pennington
1772,Xen Aguirre
1773,Yarrow Bowers
1774,Zion Simmons
1775,Addison Barr
1776,Blake Hinton
1777,Cameron Ortega
1778,Dallas Fitzpatrick
1779,Emery Ingram
1780,Finley Contreras
1781,Gray Ibarra
1782,Harley Vincent
1783,Indiana Bird
1784,Jordan Medina
1785,Kendall Huff
1786,Logan Yoder
1787,Morgan Mcgee
1788,Nico Frederick
1789,Oakley Sykes
1790,Parker Ware
1791,Quinn Strong
1792,Riley Todd
1793,Sage Mcfarland
1794,Taylor Carey
1795,Unity Andrade
1796,Vale Richard
1797,Winter Hobbs
1798,Xen Spence
1799,Yael Lutz
1800,Zion Nielsen
1801,Avery Bean
1802,Blair Brewer
1803,Cameron Osborn
1804,Dakota Raymond
1805,Elliot Mercer
1806,Finley Livingston
1807,Gray Rich
1808,Harper Proctor
1809,Indiana Hahn
1810,Jamie Kent
1811,Kelly Gilliam
1812,London Blackwell
1813,Morgan Parks
1814,Nico Hensley
1815,Oakley Dunn
1816,Peyton Shannon
1817,Quinn Barker
1818,Riley Church
1819,Sage Zimmerman
1820,Taylor Vaughan
1821,Unity Russo
1822,Vale Golden
1823,Winter Carey
1824,Xen Hoover
1825,Yarrow Walton
1826,Zuri Stokes
1827,Addison Valentine
1828,Blake Byrd
1829,Casey Hayes
1830,Devon Waters
1831,Emery Hunter
1832,Finley Fischer
1833,Gray Holmes
1834,Harley Ryan
1835,Indiana Moon
1836,Justice Ramos
1837,Kendall Sharp
1838,Logan Snow
1839,Morgan Marsh
1840,Nico Holt
1841,Oakley Bass
1842,Parker Daniels
1843,Quinn Webb
1844,River Bolton
1845,Sage Tyler
1846,Taylor Malone
1847,Unity Horton
1848,Vale Chandler
1849,Winter Cortez
1850,Xen Holder
1851,Yael Miles
1852,Zion Poole
1853,Adrian Farrell
1854,Bailey Maldonado
1855,Cameron Villarreal
1856,Darby Sutton
1857,Emerson Singleton
1858,Finley Summers
1859,Gray Kane
1860,Hayden Briggs
1861,Indiana Dalton
1862,Jamie Osborne
1863,Kennedy Quinn
1864,Logan York
1865,Morgan Porter
1866,Nico Velez
1867,Oakley Santos
1868,Parker Noel
1869,Quinn Shields
1870,Rory Lang
1871,Sage Owens
1872,Taylor Norton
1873,Unity Rhodes
1874,Vale Pace
1875,Winter Wu
1876,Xen Case
1877,Yarrow Duran
1878,Zion Henson
1879,Addison Randolph
1880,Blake Villegas
1881,Cameron Gould
1882,Dallas Francis
1883,Emery Barton
1884,Finley Schroeder
1885,Gray Stein
1886,Harley Wyatt
1887,Indiana Odom
1888,Jordan Brock
1889,Kendall Hodge
1890,Logan Archer
1891,Morgan Thornton
1892,Nico Lynch
1893,Oakley Greene
1894,Parker Chambers
1895,Quinn Richard
1896,Riley Benson
1897,Sage Holt
1898,Taylor Bryan
1899,Unity Galloway
1900,Vale Cervantes
1901,Winter Vega
1902,Xen Wilcox
1903,Yael Dickson
1904,Zion Lang
1905,Avery Jacobson
1906,Blair Whitaker
1907,Cameron Haney
1908,Dakota Hess
1909,Elliot Downs
1910,Finley Calhoun
1911,Gray Mayer
1912,Harper Burch
1913,Indiana Hensley
1914,Jamie Rios
1915,Kelly Kent
1916,London Gallagher
1917,Morgan Frank
1918,Nico Jacobson
1919,Oakley Mullins
1920,Peyton Durham
1921,Quinn Payne
1922,Riley English
1923,Sage Davenport
1924,Taylor Mcdowell
1925,Unity Odonnell
1926,Vale Clements
1927,Winter Garrett
1928,Xen Beach
1929,Yarrow Lutz
1930,Zuri Estes
1931,Addison Bernal
1932,Blake Mora
1933,Casey Knight
1934,Devon Rojas
1935,Emery Oconnell
1936,Finley Newman
1937,Gray Richmond
1938,Harley Stuart
1939,Indiana Townsend
1940,Justice Hendrix
1941,Kendall Huff
1942,Logan Burnett
1943,Morgan Mcgrath
1944,Nico Phelps
1945,Oakley Gates
1946,Parker Cisneros
1947,Quinn Gentry
1948,River Deleon
1949,Sage Ayala
1950,Taylor Mckay
1951,Unity Esparza
1952,Vale Waller
1953,Winter Horn
1954,Xen Hahn
1955,Yael Everett
1956,Zion Finley
1957,Adrian Joyce
1958,Bailey Preston
1959,Cameron Cannon
1960,Darby Fritz
1961,Emerson Ochoa
1962,Finley Bruce
1963,Gray Meza
1964,Hayden Solomon
1965,Indiana Boone
1966,Jamie Bartlett
1967,Kennedy Cherry
1968,Logan Sawyer
1969,Morgan Coffey
1970,Nico Krause
1971,Oakley Daugherty
1972,Parker Villa
1973,Quinn Grimes
1974,Rory Conner
1975,Sage Acosta
1976,Taylor Mack
1977,Unity Carey
1978,Vale Guy
1979,Winter Whitehead
1980,Xen Goodwin
1981,Yarrow Mcintosh
1982,Zion Bradford
1983,Addison Reilly
1984,Blake Hanna
1985,Cameron Sims
1986,Dallas Serrano
1987,Emery Barker
1988,Finley Buck
1989,Gray Wheeler
1990,Harley Massey
1991,Indiana Gibbs
1992,Jordan Weiss
1993,Kendall Duffy
1994,Logan Guerra
1995,Morgan Kramer
1996,Nico Ellison
1997,Oakley Bryan
1998,Parker Hurst
1999,Quinn Frederick
2000,Riley Valenzuela